{
  "step": 5,
  "name": "OpenCLIP 개념 점수화",
  "output": "{concept: similarity}",
  "source_text": "a children ' s drawing of a girl digging a hole in the ground little girl digging in park happy",
  "candidate_extraction_regex": "[a-zA-Z]+",
  "candidate_words": [
    "a",
    "digging",
    "ground",
    "s",
    "the",
    "girl",
    "hole",
    "little",
    "park",
    "children",
    "in",
    "happy",
    "of",
    "drawing"
  ],
  "prompt_template": "a child's drawing of a {word}",
  "clip_threshold": 0.22,
  "scores": {
    "a": 0.2093340903520584,
    "digging": 0.3161751925945282,
    "ground": 0.27053511142730713,
    "s": 0.20826104283332825,
    "the": 0.20080000162124634,
    "girl": 0.24163885414600372,
    "hole": 0.2324414849281311,
    "little": 0.22706763446331024,
    "park": 0.2165740579366684,
    "children": 0.24051252007484436,
    "in": 0.21264098584651947,
    "happy": 0.2011692374944687,
    "of": 0.21888311207294464,
    "drawing": 0.2289394736289978
  }
}