{
  "step": 5,
  "name": "OpenCLIP 개념 점수화",
  "output": "{concept: similarity}",
  "source_text": "a children ' s drawing of a girl and a rabbit in a forest girl girl is drawing on grass in park happy",
  "candidate_extraction_regex": "[a-zA-Z]+",
  "candidate_words": [
    "a",
    "grass",
    "is",
    "forest",
    "happy",
    "s",
    "girl",
    "park",
    "children",
    "in",
    "rabbit",
    "of",
    "and",
    "on",
    "drawing"
  ],
  "prompt_template": "a child's drawing of a {word}",
  "clip_threshold": 0.22,
  "scores": {
    "a": 0.23559489846229553,
    "grass": 0.2353818416595459,
    "is": 0.2141972929239273,
    "forest": 0.29655352234840393,
    "happy": 0.23346136510372162,
    "s": 0.22675037384033203,
    "girl": 0.2745725214481354,
    "park": 0.2555975615978241,
    "children": 0.27131253480911255,
    "in": 0.2346651554107666,
    "rabbit": 0.2307756096124649,
    "of": 0.2438991814851761,
    "and": 0.22726944088935852,
    "on": 0.24165524542331696,
    "drawing": 0.2642938494682312
  }
}