{
  "step": 5,
  "name": "OpenCLIP 개념 점수화",
  "output": "{concept: similarity}",
  "source_text": "a children ' s drawing of a girl standing next to a tree and a rabbit girl and girl girl eating in park happy",
  "candidate_extraction_regex": "[a-zA-Z]+",
  "candidate_words": [
    "a",
    "eating",
    "happy",
    "s",
    "girl",
    "park",
    "to",
    "standing",
    "tree",
    "children",
    "next",
    "in",
    "rabbit",
    "of",
    "and",
    "drawing"
  ],
  "prompt_template": "a child's drawing of a {word}",
  "clip_threshold": 0.22,
  "scores": {
    "a": 0.21226173639297485,
    "eating": 0.20293813943862915,
    "happy": 0.20508038997650146,
    "s": 0.20126910507678986,
    "girl": 0.24018016457557678,
    "park": 0.22069929540157318,
    "to": 0.20731085538864136,
    "standing": 0.22269144654273987,
    "tree": 0.2345178872346878,
    "children": 0.24210403859615326,
    "next": 0.22566726803779602,
    "in": 0.21461577713489532,
    "rabbit": 0.18037186563014984,
    "of": 0.2196774035692215,
    "and": 0.2133699506521225,
    "drawing": 0.21956583857536316
  }
}