{
  "step": 5,
  "name": "OpenCLIP 개념 점수화",
  "output": "{concept: similarity}",
  "source_text": "a children ' s drawing of a girl planting a plant in the ground girl girl is drawing on grass in park sad",
  "candidate_extraction_regex": "[a-zA-Z]+",
  "candidate_words": [
    "a",
    "grass",
    "sad",
    "is",
    "ground",
    "planting",
    "s",
    "the",
    "girl",
    "park",
    "plant",
    "children",
    "in",
    "of",
    "on",
    "drawing"
  ],
  "prompt_template": "a child's drawing of a {word}",
  "clip_threshold": 0.22,
  "scores": {
    "a": 0.21129214763641357,
    "grass": 0.21693463623523712,
    "sad": 0.19478373229503632,
    "is": 0.19422392547130585,
    "ground": 0.27394965291023254,
    "planting": 0.29011139273643494,
    "s": 0.2080303281545639,
    "the": 0.2075476050376892,
    "girl": 0.24316199123859406,
    "park": 0.22471828758716583,
    "plant": 0.23275423049926758,
    "children": 0.2459537237882614,
    "in": 0.21210196614265442,
    "of": 0.22121360898017883,
    "on": 0.21967941522598267,
    "drawing": 0.23662133514881134
  }
}