{
  "step": 6,
  "name": "교차 검증 + 통합",
  "output": "vision_json",
  "vision": {
    "objects": [
      "s",
      "of",
      "tiger",
      "cat",
      "child",
      "in",
      "children",
      "happy",
      "looking",
      "and",
      "window",
      "drawing",
      "outside",
      "girl",
      "a",
      "out"
    ],
    "object_scores": {
      "s": 0.22452963888645172,
      "of": 0.2741968035697937,
      "tiger": 0.3191748857498169,
      "cat": 0.27078700065612793,
      "child": 0.25017815828323364,
      "in": 0.2628127932548523,
      "children": 0.2809635400772095,
      "happy": 0.24419958889484406,
      "looking": 0.27582576870918274,
      "and": 0.27192172408103943,
      "window": 0.26052677631378174,
      "drawing": 0.2720659077167511,
      "outside": 0.2769671082496643,
      "girl": 0.2383829653263092,
      "a": 0.2546285390853882,
      "out": 0.27299177646636963
    },
    "who": "children",
    "actions": "cat and child in window",
    "scene": "outside",
    "mood": "happy",
    "raw_caption": "a children ' s drawing of a tiger and a girl looking out of a window",
    "confidence": "high"
  }
}