{
  "step": 5,
  "name": "OpenCLIP 개념 점수화",
  "output": "{concept: similarity}",
  "source_text": "a children ' s drawing of a girl planting a tree with a bunny nearby girl and boy girl is drawing on stump in park happy",
  "candidate_extraction_regex": "[a-zA-Z]+",
  "candidate_words": [
    "s",
    "with",
    "of",
    "and",
    "girl",
    "stump",
    "tree",
    "nearby",
    "drawing",
    "is",
    "planting",
    "park",
    "in",
    "a",
    "bunny",
    "boy",
    "children",
    "happy",
    "on"
  ],
  "prompt_template": "a child's drawing of a {word}",
  "clip_threshold": 0.22,
  "scores": {
    "s": 0.2111394852399826,
    "with": 0.23041656613349915,
    "of": 0.22426216304302216,
    "and": 0.21209736168384552,
    "girl": 0.2426108419895172,
    "stump": 0.2569480836391449,
    "tree": 0.2106587439775467,
    "nearby": 0.2429748773574829,
    "drawing": 0.2355538159608841,
    "is": 0.18907783925533295,
    "planting": 0.2829696834087372,
    "park": 0.2315586507320404,
    "in": 0.21756704151630402,
    "a": 0.21783320605754852,
    "bunny": 0.217976376414299,
    "boy": 0.19633619487285614,
    "children": 0.24747586250305176,
    "happy": 0.2007804960012436,
    "on": 0.22310885787010193
  }
}