{
  "step": 5,
  "name": "OpenCLIP 개념 점수화",
  "output": "{concept: similarity}",
  "source_text": "a children ' s drawing of a girl standing in a forest surrounded by animals little girl little girl is walking with bears in park happy",
  "candidate_extraction_regex": "[a-zA-Z]+",
  "candidate_words": [
    "forest",
    "by",
    "s",
    "little",
    "with",
    "surrounded",
    "walking",
    "animals",
    "of",
    "girl",
    "bears",
    "drawing",
    "is",
    "park",
    "in",
    "a",
    "standing",
    "children",
    "happy"
  ],
  "prompt_template": "a child's drawing of a {word}",
  "clip_threshold": 0.22,
  "scores": {
    "forest": 0.23603782057762146,
    "by": 0.22380532324314117,
    "s": 0.15831077098846436,
    "little": 0.18613074719905853,
    "with": 0.1927732676267624,
    "surrounded": 0.22011424601078033,
    "walking": 0.21856757998466492,
    "animals": 0.20973752439022064,
    "of": 0.1924077719449997,
    "girl": 0.20362982153892517,
    "bears": 0.18811368942260742,
    "drawing": 0.18758556246757507,
    "is": 0.1502641886472702,
    "park": 0.19523343443870544,
    "in": 0.17627482116222382,
    "a": 0.17399168014526367,
    "standing": 0.1920328438282013,
    "children": 0.20922529697418213,
    "happy": 0.17376184463500977
  }
}