{
  "step": 6,
  "name": "교차 검증 + 통합",
  "output": "vision_json",
  "vision": {
    "objects": [
      "s",
      "of",
      "on",
      "with",
      "tiger",
      "flying",
      "in",
      "children",
      "happy",
      "three",
      "rope",
      "park",
      "swinging",
      "drawing",
      "kite",
      "a"
    ],
    "object_scores": {
      "s": 0.25070375204086304,
      "of": 0.2927619218826294,
      "on": 0.26437103748321533,
      "with": 0.2783440947532654,
      "tiger": 0.335135281085968,
      "flying": 0.30885663628578186,
      "in": 0.2721984386444092,
      "children": 0.3040425181388855,
      "happy": 0.26280543208122253,
      "three": 0.25724247097969055,
      "rope": 0.28369155526161194,
      "park": 0.27237316966056824,
      "swinging": 0.37351110577583313,
      "drawing": 0.29152458906173706,
      "kite": 0.278056263923645,
      "a": 0.27051597833633423
    },
    "who": "children",
    "actions": "kite flying",
    "scene": "in park",
    "mood": "happy",
    "raw_caption": "a children ' s drawing of three children swinging on a rope with a tiger",
    "confidence": "high"
  }
}