{
  "step": 5,
  "name": "OpenCLIP 개념 점수화",
  "output": "{concept: similarity}",
  "source_text": "a children ' s drawing of a girl picking flowers in a field girl girl is drawing on sand in park happy",
  "candidate_extraction_regex": "[a-zA-Z]+",
  "candidate_words": [
    "a",
    "is",
    "flowers",
    "sand",
    "s",
    "girl",
    "picking",
    "park",
    "field",
    "children",
    "in",
    "happy",
    "of",
    "on",
    "drawing"
  ],
  "prompt_template": "a child's drawing of a {word}",
  "clip_threshold": 0.22,
  "scores": {
    "a": 0.21745772659778595,
    "is": 0.19459731876850128,
    "flowers": 0.21825498342514038,
    "sand": 0.205550417304039,
    "s": 0.2100309282541275,
    "girl": 0.25474074482917786,
    "picking": 0.28553134202957153,
    "park": 0.24035875499248505,
    "field": 0.25465846061706543,
    "children": 0.2602899372577667,
    "in": 0.21155671775341034,
    "happy": 0.20562246441841125,
    "of": 0.22741737961769104,
    "on": 0.21494744718074799,
    "drawing": 0.23795866966247559
  }
}