{
  "step": 6,
  "name": "교차 검증 + 통합",
  "output": "vision_json",
  "vision": {
    "objects": [
      "a",
      "happy",
      "down",
      "s",
      "girl",
      "with",
      "park",
      "dirt",
      "children",
      "backpack",
      "in",
      "walking",
      "of",
      "road",
      "drawing"
    ],
    "object_scores": {
      "a": 0.25820186734199524,
      "happy": 0.23986732959747314,
      "down": 0.25814059376716614,
      "s": 0.24165284633636475,
      "girl": 0.27411970496177673,
      "with": 0.2742234170436859,
      "park": 0.2980514168739319,
      "dirt": 0.23493792116641998,
      "children": 0.28721657395362854,
      "backpack": 0.26490259170532227,
      "in": 0.2543553113937378,
      "walking": 0.33362558484077454,
      "of": 0.27196168899536133,
      "road": 0.29824039340019226,
      "drawing": 0.2743009030818939
    },
    "who": "girl",
    "actions": "walking",
    "scene": "in park",
    "mood": "happy",
    "raw_caption": "a children ' s drawing of a girl with a backpack walking down a dirt road",
    "confidence": "high"
  }
}