{
  "step": 5,
  "name": "OpenCLIP 개념 점수화",
  "output": "{concept: similarity}",
  "source_text": "a children ' s drawing of a girl sitting on the ground surrounded by animals girl and two children children playing in park happy",
  "candidate_extraction_regex": "[a-zA-Z]+",
  "candidate_words": [
    "by",
    "s",
    "surrounded",
    "animals",
    "of",
    "and",
    "girl",
    "drawing",
    "ground",
    "the",
    "park",
    "in",
    "playing",
    "a",
    "two",
    "sitting",
    "children",
    "happy",
    "on"
  ],
  "prompt_template": "a child's drawing of a {word}",
  "clip_threshold": 0.22,
  "scores": {
    "by": 0.24007241427898407,
    "s": 0.17894479632377625,
    "surrounded": 0.26070287823677063,
    "animals": 0.24731922149658203,
    "of": 0.2177942842245102,
    "and": 0.20188221335411072,
    "girl": 0.22966128587722778,
    "drawing": 0.2138085514307022,
    "ground": 0.2215828150510788,
    "the": 0.1875753551721573,
    "park": 0.23386317491531372,
    "in": 0.1938544064760208,
    "playing": 0.21138082444667816,
    "a": 0.20155632495880127,
    "two": 0.16858842968940735,
    "sitting": 0.211579829454422,
    "children": 0.2325846403837204,
    "happy": 0.20353837311267853,
    "on": 0.20217318832874298
  }
}