{
  "step": 5,
  "name": "OpenCLIP 개념 점수화",
  "output": "{concept: similarity}",
  "source_text": "a children ' s drawing of a girl watering water in a garden girl girl is watering in park happy",
  "candidate_extraction_regex": "[a-zA-Z]+",
  "candidate_words": [
    "a",
    "is",
    "s",
    "girl",
    "park",
    "garden",
    "water",
    "children",
    "in",
    "happy",
    "of",
    "watering",
    "drawing"
  ],
  "prompt_template": "a child's drawing of a {word}",
  "clip_threshold": 0.22,
  "scores": {
    "a": 0.22271643579006195,
    "is": 0.20085102319717407,
    "s": 0.214645117521286,
    "girl": 0.2577912211418152,
    "park": 0.2422572374343872,
    "garden": 0.24825292825698853,
    "water": 0.23866690695285797,
    "children": 0.2610662579536438,
    "in": 0.21747161448001862,
    "happy": 0.21654938161373138,
    "of": 0.22993992269039154,
    "watering": 0.28405025601387024,
    "drawing": 0.25322863459587097
  }
}